timestamp,acc.x,acc.y,acc.z
0.02,0.0,0.0,0.0
0.04,0.0,0.0,0.0
0.06,0.0,0.0,0.0
0.08,0.0,0.0,0.0
0.1,0.0,0.0,0.0
0.12,0.0,0.0,0.0
0.14,0.0,0.0,0.0
0.16,0.0,0.0,0.0
0.18,0.0,0.0,0.0
0.2,0.0,0.0,0.0
0.22,0.0,0.0,0.0
0.24,0.0,0.0,0.0
0.26,0.0,0.0,0.0
0.28,0.0,0.0,0.0
0.3,0.0,0.0,0.0
0.32,0.0,0.0,0.0
0.34,0.0,0.0,0.0
0.36,0.0,0.0,0.0
0.38,0.0,0.0,0.0
0.4,0.0,0.0,0.0
0.42,0.0,0.0,0.0
0.44,0.0,0.0,0.0
0.46,0.0015594876604154706,-0.09154623746871948,0.9873117804527283
0.48,0.0007596537470817566,-0.08693262934684753,0.9921659231185913
0.5,0.0008430886664427817,-0.09166084229946136,0.9855701327323914
0.52,0.0012584718642756343,-0.09011093527078629,0.986772894859314
0.54,0.001779108657501638,-0.09232943505048752,0.988247811794281
0.56,0.00427377549931407,-0.08903461694717407,0.9861642122268677
0.58,0.0027027928736060858,-0.08903033286333084,0.9857316017150879
0.6,0.0005454601487144828,-0.093391053378582,0.9885745048522949
0.62,-0.0014329006662592292,-0.09058716893196106,0.9893573522567749
0.64,-0.0011730269761756063,-0.09154251217842102,0.9879591464996338
0.66,5.326949030859396e-05,-0.08895644545555115,0.994192361831665
0.68,0.0029718708246946335,-0.09067871421575546,0.9956011772155762
0.7,6.875983672216535e-05,-0.09041987359523773,0.9967045783996582
0.72,-0.0022243040148168802,-0.0920478031039238,0.9998080134391785
0.74,0.0013229824835434556,-0.09226280450820923,0.9977865219116211
0.76,0.0001641761336941272,-0.09060007333755493,0.9941391944885254
0.78,0.0020024797413498163,-0.0870794877409935,0.9989755749702454
0.8,-0.0005558848497457802,-0.09282167255878448,0.9970604181289673
0.82,-0.0009312622714787722,-0.09068862348794937,0.9938411116600037
0.84,4.382753468235023e-05,-0.09499410539865494,0.9961585402488708
0.86,-0.0018886037869378924,-0.09126987308263779,0.996387779712677
0.88,-0.0020815518219023943,-0.09321383386850357,0.9960914254188538
0.9,0.0009390573832206428,-0.09507188946008682,0.9986984729766846
0.92,-0.0016423602355644107,-0.09208059310913086,0.9963669776916504
0.94,-0.0018646687967702746,-0.09120794385671616,0.9954000115394592
0.96,0.0028020560275763273,-0.08857057243585587,0.9961357116699219
0.98,0.0022425635252147913,-0.0944255068898201,0.9980641603469849
1.0,-0.00014783251390326768,-0.09223343431949615,0.99728924036026
1.02,-0.0038325621280819178,-0.09173552691936493,0.995847761631012
1.04,0.0013960738433524966,-0.09220833331346512,0.9975159764289856
1.06,-0.0016026755329221487,-0.09101850539445877,0.9984889626502991
1.08,0.0002912436320912093,-0.09100645035505295,0.9945220947265625
1.1,-0.0004729231004603207,-0.08992188423871994,0.9958890676498413
1.12,0.0016082004876807332,-0.08968552201986313,0.9981749653816223
1.14,0.0009895144030451775,-0.0909794420003891,0.9998018145561218
1.16,9.983602649299428e-05,-0.09385624527931213,0.9949074387550354
1.18,0.00044336405699141324,-0.09142254292964935,0.9957050085067749
1.2,0.00114455446600914,-0.09008149802684784,0.9970816969871521
1.22,0.0010875165462493896,-0.09165631979703903,0.9925740957260132
1.24,-0.0017143894219771028,-0.09041377902030945,0.9962314963340759
1.26,0.0006383939180523157,-0.09185810387134552,0.9989491701126099
1.28,0.0022624325938522816,-0.09308623522520065,0.9942192435264587
1.3,0.0006138921598903835,-0.08926372230052948,1.0001881122589111
1.32,0.0005540089914575219,-0.09026672691106796,0.9943701028823853
1.34,0.0010184061247855425,-0.09075955301523209,0.9966384768486023
1.36,-0.0015119172167032957,-0.08952382206916809,0.9996050000190735
1.38,0.00033965971670113504,-0.09244966506958008,0.9958422780036926
1.4,-0.002588035771623254,-0.09033244848251343,0.9979298710823059
1.42,0.0016611864557489753,-0.09111708402633667,0.9982495903968811
1.44,-7.404664938803762e-05,-0.09230365604162216,0.9947802424430847
1.46,-3.488070433377288e-05,-0.0931129977107048,0.9950398802757263
1.48,-0.0007331185042858124,-0.09229765832424164,0.996372640132904
1.5,0.0009992083068937063,-0.09252318739891052,0.9975529909133911
1.52,1.421042179572396e-05,-0.08934959769248962,0.9960749745368958
1.54,0.0004963611136190593,-0.09313174337148666,0.9961045980453491
1.56,0.0008513560169376433,-0.09225285053253174,0.9973524212837219
1.58,-0.0007385133067145944,-0.08966393768787384,0.9968994855880737
1.6,0.0017824545502662659,-0.09500754624605179,0.995331883430481
1.62,-0.0023789755068719387,-0.08881787210702896,0.998136579990387
1.64,0.0004029960837215185,-0.0911860466003418,0.997887134552002
1.66,-0.000991268316283822,-0.09093859791755676,0.996889591217041
1.68,-0.0012194879818707705,-0.09131693840026855,0.9960571527481079
1.7,-0.002358909696340561,-0.09207911789417267,0.9966260194778442
1.72,0.0015039342688396573,-0.09223972260951996,0.996921718120575
1.74,0.0003058351285289973,-0.0906156525015831,0.9960896968841553
1.76,-0.0014949425822123885,-0.0919642448425293,0.9939954280853271
1.78,0.00039290229324251413,-0.0928693413734436,0.999876081943512
1.8,0.0015917607815936208,-0.0909961685538292,0.995715320110321
1.82,0.000983083271421492,-0.09213398396968842,0.9978507161140442
1.84,-0.0007754089310765266,-0.08765428513288498,0.9971925020217896
1.86,0.004908799659460783,-0.09451830387115479,0.996455192565918
1.88,-0.0030662144999951124,-0.08885462582111359,0.9987795948982239
1.9,0.0027154656127095222,-0.09195452928543091,0.9975077509880066
1.92,-0.0004142641555517912,-0.09012069553136826,0.997523844242096
1.94,-0.0010376948630437255,-0.08990991860628128,0.9969136118888855
1.96,0.00266900472342968,-0.09067395329475403,0.9929446578025818
1.98,0.0015737934736534953,-0.0889197438955307,0.9985166788101196
2.0,-0.0008372932206839323,-0.09356257319450378,0.9967262148857117
2.02,0.0007164530688896775,-0.08919424563646317,0.9972906708717346
2.04,0.002004544250667095,-0.09439248591661453,0.9975493550300598
2.06,-0.0016075025778263807,-0.08748980611562729,0.9958457350730896
2.08,0.002395062707364559,-0.09091651439666748,0.9956585764884949
2.1,-0.0018444792367517948,-0.09066636115312576,1.0005322694778442
2.12,0.0024494717363268137,-0.09289312362670898,0.9955564141273499
2.14,-0.0019149044528603554,-0.09050242602825165,0.9986619353294373
2.16,0.0035887721460312605,-0.09143761545419693,0.9965426921844482
2.18,-5.418579530669376e-05,-0.09382842481136322,0.9980807304382324
2.2,-0.0026134636718779802,-0.09020663797855377,0.9964313507080078
2.22,-0.017018992453813553,-0.254569947719574,1.0188302993774414
2.24,0.010072024539113045,-0.03187192231416702,1.015195369720459
2.26,0.0064609176479279995,-0.038480471819639206,0.963847815990448
2.28,-0.009848849847912788,-0.0618213415145874,1.0400111675262451
2.3,0.002238278975710273,-0.12150449305772781,1.0119959115982056
2.32,-0.01449461467564106,-0.15079841017723083,1.0457566976547241
2.34,0.03485541790723801,-0.24832041561603546,1.113754391670227
2.36,0.05171075835824013,-0.32390522956848145,1.0970971584320068
2.38,0.06861387193202972,-0.22796954214572906,1.0690525770187378
2.4,0.03987199813127518,-0.06637072563171387,1.0110228061676025
2.42,0.013620363548398018,0.09833499044179916,0.9475101828575134
2.44,0.00023675910779275,0.23779818415641785,0.8904686570167542
2.46,-0.055076148360967636,0.34152406454086304,0.8711948990821838
2.48,-0.01391852181404829,0.4524190425872803,0.8272262811660767
2.5,0.021537741646170616,0.5515310764312744,0.7939421534538269
2.52,-0.006769546307623386,0.7077722549438477,0.7653998136520386
2.54,0.055304232984781265,0.6828444600105286,0.7061164975166321
2.56,0.004727578721940517,0.6339449286460876,0.7057785391807556
2.58,-0.03392811119556427,0.5631497502326965,0.6764012575149536
2.6,-0.1834649294614792,-0.10178805142641068,1.1210798025131226
2.62,0.03127265349030495,-0.5022072792053223,1.0293049812316895
2.64,0.16118550300598145,-0.27203983068466187,0.9524082541465759
2.66,0.33356356620788574,-0.23872782289981842,1.3242295980453491
2.68,-0.17871013283729553,-0.532159149646759,1.211443305015564
2.7,-0.27251672744750977,-0.36811956763267517,0.7384668588638306
2.72,-0.07794083654880524,-0.14853046834468842,1.1651021242141724
2.74,0.26432985067367554,0.17418032884597778,0.9261587858200073
2.76,-0.008917118422687054,0.11170222610235214,0.9647851586341858
2.78,-0.03899815306067467,-0.3068535029888153,1.0531738996505737
2.8,-0.10012947022914886,-0.22641579806804657,0.9995719790458679
2.82,0.14744284749031067,0.14103370904922485,0.9564090371131897
2.84,-0.026292629539966583,-0.07066665589809418,1.027760624885559
2.86,-0.05835143104195595,-0.2613263428211212,0.9619741439819336
2.88,0.019788114354014397,-0.001295141177251935,1.0602930784225464
2.9,0.030926959589123726,-0.039738334715366364,0.9541360139846802
2.92,-0.05916880443692207,-0.17290399968624115,1.0012564659118652
2.94,0.0023683870676904917,-0.035975050181150436,1.0077524185180664
2.96,-0.030289024114608765,-0.09435498714447021,0.9984531998634338
2.98,0.14663037657737732,-0.14852303266525269,0.9679481387138367
3.0,-0.02596655860543251,-0.004727215506136417,1.0450704097747803
3.02,-0.06366786360740662,-0.15069352090358734,1.0515313148498535
3.04,-0.1246454194188118,-0.20244541764259338,1.083550214767456
3.06,-0.036127813160419464,0.05413171276450157,1.051269769668579
3.08,-0.11788449436426163,0.019543545320630074,1.0365588665008545
3.1,-0.07116217911243439,-0.0855216309428215,1.1388437747955322
3.12,-0.0060739233158528805,-0.018929509446024895,1.0453355312347412
3.14,0.14651457965373993,-0.027580274268984795,0.9635037183761597
3.16,0.21484242379665375,-0.03678005188703537,0.8919340372085571
3.18,0.16354361176490784,-0.14203985035419464,0.9952033758163452
3.2,0.2164595127105713,-0.18236666917800903,0.9399389624595642
3.22,0.29200971126556396,-0.2565368413925171,0.8720890879631042
3.24,0.24225075542926788,-0.35967254638671875,0.8473762273788452
3.26,0.329292893409729,-0.44653788208961487,0.8439210057258606
3.28,0.34797030687332153,-0.3876971900463104,0.7486606240272522
3.3,0.4154634475708008,-0.33616727590560913,0.6878502368927002
3.32,0.3882913887500763,-0.3961147964000702,0.6776934266090393
3.34,0.30132728815078735,-0.4800126254558563,0.7437341809272766
3.36,0.7353837490081787,0.15477901697158813,1.345833420753479
3.38,0.20833109319210052,-0.023668168112635612,0.8763413429260254
3.4,0.13192960619926453,-0.07518824934959412,0.9137595295906067
3.42,0.12054285407066345,-0.05644381791353226,0.9842103123664856
3.44,-0.41346731781959534,0.6532102227210999,1.3235455751419067
3.46,-0.3773130178451538,0.5894486904144287,0.7595459222793579
3.48,-0.15162450075149536,0.37591123580932617,0.7582170963287354
3.5,0.02121739275753498,0.4935835301876068,0.8374513387680054
3.52,-0.04013946279883385,0.23102472722530365,0.8582585453987122
3.54,-0.24716819822788239,-0.12638361752033234,1.1257447004318237
3.56,0.15167799592018127,-0.7531350255012512,1.4284238815307617
3.58,0.008585507981479168,-0.476060152053833,1.0210949182510376
3.6,-0.07373157143592834,0.2538250982761383,0.940550684928894
3.62,0.008433789014816284,0.03502786159515381,0.9327357411384583
3.64,0.04198506101965904,-0.15729258954524994,1.015989899635315
3.66,0.005873104091733694,-0.08450005948543549,1.0255557298660278
3.68,-0.03359302505850792,-0.05218422785401344,0.9996953010559082
3.7,0.016219165176153183,-0.08065615594387054,0.9945545792579651
3.72,-0.016298750415444374,-0.0633523017168045,0.9933227300643921
3.74,0.00239977496676147,-0.06951544433832169,0.9934550523757935
3.76,0.005403715651482344,-0.06812302768230438,0.996306836605072
3.78,-0.010998332872986794,-0.06986913830041885,1.001936674118042
3.8,-0.010375117883086205,-0.06623242050409317,1.0058847665786743
3.82,-0.014612631872296333,-0.06956823915243149,0.9979211688041687
3.84,-0.0072799623012542725,-0.06076376140117645,0.9993301630020142
3.86,-0.010590199381113052,-0.06247377023100853,0.9886537194252014
3.88,-0.01461607962846756,-0.09428896009922028,0.9884337782859802
3.9,-0.005089497193694115,-0.11303915828466415,1.0145679712295532
3.92,-0.01311166025698185,-0.037599094212055206,0.9796552658081055
3.94,0.07539249211549759,-0.07571899145841599,0.9983670115470886
3.96,-0.019768038764595985,-0.03581312298774719,1.0056184530258179
3.98,-0.016634924337267876,-0.11525560170412064,0.9980713725090027
4.0,-0.09475118666887283,-0.19756458699703217,1.0222842693328857
4.02,-0.09165172278881073,-0.23408718407154083,0.9889437556266785
4.04,-0.0003418599662836641,-0.1153472289443016,1.05109441280365
4.06,0.008966218680143356,0.21229960024356842,0.8630660176277161
4.08,0.025189470499753952,-0.038686640560626984,1.0579150915145874
4.1,-0.11015214771032333,-0.3255625069141388,1.0790791511535645
4.12,-0.008658644743263721,-0.31651079654693604,1.1475049257278442
4.14,0.25169968605041504,-0.362973690032959,1.1163830757141113
4.16,0.12156075984239578,-0.29890176653862,1.0604712963104248
4.18,-0.10845603793859482,-0.07718852162361145,1.1556878089904785
4.2,-0.0034558812621980906,0.2907887101173401,1.1603904962539673
4.22,0.021396785974502563,0.3526000678539276,1.2568771839141846
4.24,0.01045882049947977,0.11839046329259872,1.000614047050476
4.26,-0.2811667025089264,-0.07145822048187256,0.8048915266990662
4.28,-0.514631986618042,-0.10285206139087677,0.7860512137413025
4.3,-0.5296850800514221,-0.020600469782948494,0.8544914126396179
4.32,-0.33305904269218445,0.08476903289556503,0.8887972831726074
4.34,-0.19150297343730927,0.06202339008450508,0.9130916595458984
4.36,0.060910966247320175,0.01389705203473568,0.973648190498352
4.38,0.2764230966567993,0.205391064286232,0.9497868418693542
4.4,0.388924241065979,0.11598718166351318,0.9483063817024231
4.42,0.47235575318336487,0.032488372176885605,0.9093963503837585
4.44,0.5771089792251587,0.13644713163375854,0.8682134747505188
4.46,0.5387815237045288,0.17626197636127472,0.9165212512016296
4.48,0.4510561525821686,0.3233306109905243,1.0139163732528687
4.5,0.440486878156662,0.48604175448417664,1.0045603513717651
4.52,0.2913326025009155,0.4760128855705261,0.9447760581970215
4.54,0.1946531981229782,0.3352420926094055,0.9173968434333801
4.56,0.17325946688652039,0.28214243054389954,0.940177321434021
4.58,0.18396958708763123,0.3084637224674225,0.9998973608016968
4.6,0.23886413872241974,0.2623697817325592,1.0342251062393188
4.62,0.2980426847934723,0.14174282550811768,1.0500694513320923
4.64,0.19648057222366333,0.12188480794429779,0.9914301037788391
4.66,0.14049944281578064,-0.04763069376349449,0.9297915697097778
4.68,0.07514537125825882,-0.19691191613674164,0.9191214442253113
4.7,0.07785513252019882,-0.3748423159122467,0.9429153203964233
4.72,-0.13806620240211487,-0.35119593143463135,1.0127991437911987
4.74,-0.15826748311519623,-0.42715686559677124,1.0235888957977295
4.76,-0.150496244430542,-0.5347570776939392,1.0794682502746582
4.78,-0.12322471290826797,-0.5742747187614441,1.0859521627426147
4.8,-0.18504245579242706,-0.6136958003044128,1.0338484048843384
4.82,-0.14871203899383545,-0.6649572253227234,0.8748601675033569
4.84,-0.22644855082035065,-0.6426706314086914,0.813504159450531
4.86,-0.2342493087053299,-0.5049147605895996,0.9824020266532898
4.88,0.04704185202717781,-0.24911168217658997,1.1279107332229614
4.9,0.21478185057640076,-0.0480603352189064,1.177575945854187
4.92,0.17124810814857483,-0.020549410954117775,1.066133975982666
4.94,0.1208527609705925,-0.15037119388580322,0.915046751499176
4.96,0.10013049840927124,-0.061083998531103134,0.8531755805015564
4.98,0.01360252033919096,0.24140892922878265,0.8628478050231934
5.0,-0.01759495586156845,0.4304996728897095,0.8788981437683105
5.02,0.11799196153879166,0.4757595956325531,0.9597107768058777
5.04,0.22496439516544342,0.6219969391822815,1.0714845657348633
5.06,0.2023722380399704,0.7679726481437683,1.1567165851593018
5.08,0.07375523447990417,0.864983856678009,1.0490152835845947
5.1,-0.12290415167808533,0.7142249345779419,0.9079017639160156
5.12,-0.14915704727172852,0.4699651896953583,0.8550723791122437
5.14,-0.011105263605713844,0.33805978298187256,0.9639270305633545
5.16,0.2760103642940521,0.22735287249088287,1.051912784576416
5.18,0.3659361004829407,0.13712140917778015,1.1218433380126953
5.2,0.34683021903038025,0.06649716943502426,1.1112852096557617
5.22,0.2698383629322052,-0.08476255089044571,1.0633875131607056
5.24,0.16082802414894104,-0.19520147144794464,1.0062158107757568
5.26,0.07827987521886826,-0.18010155856609344,0.9419499635696411
5.28,-0.10172838717699051,-0.15182065963745117,0.9634472727775574
5.3,-0.2467263638973236,0.028558574616909027,0.9581241607666016
5.32,-0.3987341821193695,0.06385895609855652,0.9633061289787292
5.34,-0.4757995903491974,0.10901138931512833,0.9501214623451233
5.36,-0.5805068016052246,0.2144467979669571,0.9388247132301331
5.38,-0.743935763835907,0.23239748179912567,0.8948678970336914
5.4,-0.8741652369499207,0.18157567083835602,0.8578286170959473
5.42,-0.9189745187759399,0.1485440731048584,0.8418188095092773
5.44,-0.9077218770980835,0.10078204423189163,0.8976544737815857
5.46,-0.7493205666542053,0.06515122205018997,0.9100951552391052
5.48,-0.6919155716896057,0.03161236271262169,0.8461657762527466
5.5,-0.705574631690979,-0.033615924417972565,0.7674527764320374
5.52,-0.5950798988342285,-0.06800039857625961,0.7412512302398682
5.54,-0.41059327125549316,0.024792244657874107,0.822601318359375
5.56,-0.12008997797966003,0.1137426495552063,0.8889628648757935
5.58,0.19913160800933838,0.08962476998567581,0.9475460648536682
5.6,0.5027671456336975,0.0973796546459198,0.9771990180015564
5.62,0.6164798140525818,0.09718572348356247,0.9680893421173096
5.64,0.6008307337760925,0.025004733353853226,0.9259163737297058
5.66,0.5644433498382568,-0.08689399063587189,0.9154162406921387
5.68,0.5595418214797974,-0.16208645701408386,0.9940221309661865
5.7,0.6311779022216797,-0.07992468774318695,1.0636823177337646
5.72,0.5496155023574829,-0.1918569952249527,1.0977293252944946
5.74,0.3781112730503082,-0.3560325503349304,1.0446888208389282
5.76,0.20432612299919128,-0.524240255355835,1.0349072217941284
5.78,0.09735870361328125,-0.4715203642845154,1.116072654724121
5.8,0.06878969073295593,-0.4239051938056946,1.1015836000442505
5.82,-0.051569703966379166,-0.4691527485847473,0.9957393407821655
5.84,-0.10554949939250946,-0.36754924058914185,0.858241617679596
5.86,-0.2617975175380707,-0.17084529995918274,1.0817281007766724
5.88,-0.026236414909362793,0.27758359909057617,1.2178866863250732
5.9,0.153908833861351,0.42716285586357117,1.1268317699432373
5.92,0.00707374420017004,0.24909541010856628,0.9094492793083191
5.94,-0.09957226365804672,0.26337340474128723,0.8391332030296326
5.96,-0.04245702549815178,0.5905308723449707,0.9439573884010315
5.98,0.03619387000799179,0.7926163077354431,0.931011438369751
6.0,-0.06475953012704849,0.719537615776062,0.8333889245986938
6.02,-0.08625609427690506,0.6849700212478638,0.7692219614982605
6.04,-0.05470236763358116,0.6966195106506348,0.8100166320800781
6.06,-0.03849484398961067,0.7181375622749329,0.8720268607139587
6.08,0.00031752107315696776,0.6660779118537903,0.9176247119903564
6.1,0.01595027931034565,0.5848479866981506,0.8894950151443481
6.12,-0.02712990902364254,0.40548884868621826,0.8937258124351501
6.14,-0.04200954735279083,0.25429466366767883,0.9099670648574829
6.16,0.010826309211552143,0.2540479600429535,0.8908947110176086
6.18,-0.03874687850475311,0.15300919115543365,0.9547045826911926
6.2,0.06717687845230103,0.06331291794776917,0.911620020866394
6.22,0.1271350085735321,-0.21911831200122833,0.8764266967773438
6.24,0.15997062623500824,-0.38697972893714905,0.8828319907188416
6.26,0.2551255524158478,-0.4686901867389679,0.8764818906784058
6.28,0.177628293633461,-0.44629886746406555,0.8614881038665771
6.3,0.13682331144809723,-0.5128382444381714,0.8562299609184265
6.32,0.09356951713562012,-0.5598741173744202,0.8892541527748108
6.34,0.15012215077877045,-0.5743533968925476,0.9207943677902222
6.36,0.14039042592048645,-0.6030508279800415,0.9687240123748779
6.38,0.08364236354827881,-0.564676821231842,0.9929264187812805
6.4,0.012551250867545605,-0.5057767033576965,1.0170527696609497
6.42,0.012913519516587257,-0.44226518273353577,1.1715903282165527
6.44,0.1570385992527008,-0.19097080826759338,1.246077537536621
6.46,0.23073866963386536,-0.17063771188259125,1.1948676109313965
6.48,0.20606619119644165,-0.21004030108451843,1.0858649015426636
6.5,0.24849578738212585,-0.19904664158821106,1.0033704042434692
6.52,0.304269939661026,-0.16506429016590118,0.9761744737625122
6.54,0.2907974123954773,-0.05945620313286781,0.951145350933075
6.56,0.09844127297401428,0.06382852792739868,0.853936493396759
6.58,-0.09474107623100281,0.0478791706264019,0.836359441280365
6.6,-0.1332562267780304,0.09642475098371506,0.7749962210655212
6.62,-0.3057742118835449,0.1662752330303192,0.8067620396614075
6.64,-0.5120604634284973,0.32347285747528076,0.8103352785110474
6.66,-0.5745365023612976,0.2619350850582123,0.8213545680046082
6.68,-0.6428800821304321,0.3172367215156555,0.8530937433242798
6.7,-0.6687732934951782,0.3838547170162201,0.8731118440628052
6.72,-0.6645642518997192,0.3305208384990692,0.9006646871566772
6.74,-0.6338825821876526,0.2614061236381531,0.8779475092887878
6.76,-0.7267774939537048,0.11276378482580185,0.8781436681747437
6.78,-0.6956314444541931,0.019600749015808105,0.8487681150436401
6.8,-0.7625384330749512,0.047263357788324356,0.7919848561286926
6.82,-0.8353052735328674,0.01476355642080307,0.7389445304870605
6.84,-0.7358013987541199,-0.01738893985748291,0.6902647614479065
6.86,-0.5406235456466675,-0.08687305450439453,0.7343929409980774
6.88,-0.2916187345981598,-0.04162852093577385,0.8382227420806885
6.9,-0.050674743950366974,0.09251857548952103,1.0333466529846191
6.92,0.20638258755207062,0.16875745356082916,1.1099579334259033
6.94,0.3553147315979004,-0.0024206582456827164,1.0895379781723022
6.96,0.4753050208091736,-0.15236736834049225,1.0132975578308105
6.98,0.6266167163848877,-0.22215847671031952,0.9167659878730774
7.0,0.6365318298339844,-0.27155786752700806,0.8852964043617249
7.02,0.595472514629364,-0.20515872538089752,0.9259071350097656
7.04,0.573434591293335,-0.13899646699428558,0.9204202890396118
7.06,0.49904778599739075,-0.28449714183807373,0.9264430999755859
7.08,0.4412420094013214,-0.3575906753540039,0.9416581392288208
7.1,0.40144139528274536,-0.42642346024513245,0.975661039352417
7.12,0.29990100860595703,-0.3793279230594635,0.9440106749534607
7.14,0.10467410087585449,-0.4854257106781006,0.9120545983314514
7.16,-0.028933387249708176,-0.4342794716358185,1.0541040897369385
7.18,-0.03562849387526512,-0.04107973724603653,1.2708977460861206
7.2,0.042029935866594315,0.14098459482192993,1.2136633396148682
7.22,-0.07602550089359283,0.022865591570734978,0.9591597318649292
7.24,-0.21975672245025635,-0.048653170466423035,0.7208220362663269
7.26,-0.38140174746513367,0.018940230831503868,0.9109293222427368
7.28,-0.04182305559515953,0.4666714072227478,0.988886833190918
7.3,-0.024573881179094315,0.6461931467056274,1.0211466550827026
7.32,-0.10620575398206711,0.5754624605178833,0.9196136593818665
7.34,-0.08019928634166718,0.5941302180290222,0.8700289726257324
7.36,0.0290511604398489,0.6623682975769043,0.8252575993537903
7.38,-0.0003215210745111108,0.6465035676956177,0.779949426651001
7.4,-0.13215385377407074,0.7102780938148499,0.757248044013977
7.42,-0.1854201853275299,0.7705641388893127,0.8183384537696838
7.44,-0.07615256309509277,0.783538281917572,0.8357031345367432
7.46,-0.06236397847533226,0.6035800576210022,0.9230842590332031
7.48,-0.037968959659338,0.5777850151062012,0.9421536326408386
7.5,-0.008561656810343266,0.43999624252319336,0.9782496094703674
7.52,0.02001340128481388,0.34818512201309204,1.018294334411621
7.54,0.09319546073675156,0.24906137585639954,1.034423828125
7.56,0.09292294085025787,0.1627671867609024,1.0325850248336792
7.58,0.08870401978492737,0.057065315544605255,1.0016003847122192
7.6,0.04589877650141716,-0.012251433916389942,0.9409318566322327
7.62,-0.028671596199274063,-0.13057750463485718,0.9051660299301147
7.64,-0.010843588970601559,-0.2433832585811615,0.9176250100135803
7.66,0.04073120281100273,-0.25749635696411133,0.9731264114379883
7.68,0.041490014642477036,-0.3066333532333374,1.0235190391540527
7.7,0.006270246580243111,-0.3669767677783966,1.0656081438064575
7.72,-0.022647636011242867,-0.32588574290275574,1.0921251773834229
7.74,-0.03931935131549835,-0.28574323654174805,1.143196702003479
7.76,0.03231103718280792,-0.23764148354530334,1.106533408164978
7.78,0.03350958973169327,-0.18118102848529816,1.1049190759658813
7.8,0.05878616124391556,-0.03301110118627548,1.1232128143310547
7.82,0.11085452139377594,0.13785265386104584,1.0845969915390015
7.84,0.14824190735816956,0.17306621372699738,1.0380580425262451
7.86,0.07139895856380463,0.1947111189365387,0.9936097264289856
7.88,-0.06031790375709534,0.34660249948501587,0.9449142813682556
7.9,-0.2780940532684326,0.4569838345050812,0.743983805179596
7.92,-0.5670349597930908,0.29702994227409363,0.536687970161438
7.94,-0.6436252593994141,0.033219121396541595,0.4736885726451874
7.96,-0.6043685078620911,0.055206459015607834,0.6424791216850281
7.98,-0.4778342545032501,0.26651233434677124,0.8803451061248779
8.0,-0.4976244866847992,0.3213346004486084,0.980538547039032
8.02,-0.6938013434410095,0.2584991753101349,0.896220862865448
8.04,-0.9222504496574402,0.24162161350250244,0.7098192572593689
8.06,-1.097005844116211,0.14098787307739258,0.6065137982368469
8.08,-0.9872115850448608,-0.009825481101870537,0.7324546575546265
8.1,-0.6108559370040894,0.13992327451705933,0.8847277760505676
8.12,-0.37181520462036133,0.2909592390060425,1.0984394550323486
8.14,-0.2605639398097992,0.4456348717212677,1.2276514768600464
8.16,-0.11611589789390564,0.5496009588241577,1.0861488580703735
8.18,-0.13969853520393372,0.4484270513057709,0.9291062951087952
8.2,0.14388015866279602,-0.06761408597230911,0.8132798075675964
8.22,0.45189109444618225,-0.25517675280570984,0.8089566230773926
8.24,0.6281142830848694,-0.0078159524127841,0.9267014861106873
8.26,0.7537015080451965,0.12278980761766434,0.9100942015647888
8.28,0.7066766619682312,-0.24561645090579987,0.7899095416069031
8.3,0.7526276111602783,-0.4911598861217499,0.682582676410675
8.32,0.754170835018158,-0.46785062551498413,0.6733394861221313
8.34,0.704092264175415,-0.501785397529602,0.7220962643623352
8.36,0.5945920944213867,-0.5532505512237549,0.7535529136657715
8.38,0.49857097864151,-0.4670330882072449,0.729618489742279
8.4,0.4113577604293823,-0.6008793711662292,0.7565872669219971
8.42,0.4465769827365875,-0.7243548631668091,0.8744775652885437
8.44,0.4845762550830841,-0.6581866145133972,1.0133486986160278
8.46,0.5442479252815247,-0.6368114948272705,1.0529927015304565
8.48,0.5665848851203918,-0.574192225933075,0.9901369214057922
8.5,0.5345183610916138,-0.4753831923007965,0.7888271808624268
8.52,0.3276819586753845,-0.5038489103317261,0.6248411536216736
8.54,0.21627438068389893,-0.4201946258544922,0.6198964715003967
8.56,0.39708712697029114,-0.2642171382904053,0.7327243685722351
8.58,0.5824626684188843,-0.15598224103450775,0.8229160308837891
8.6,0.40362486243247986,-0.039729468524456024,0.8035484552383423
8.62,0.2786574959754944,-0.09457175433635712,0.7544873356819153
8.64,0.23380985856056213,-0.09867499023675919,0.7948044538497925
8.66,0.36018526554107666,-0.0158610250800848,0.9217020869255066
8.68,0.36454495787620544,0.1990833282470703,1.0625718832015991
8.7,0.21644067764282227,0.3364996016025543,1.1362053155899048
8.72,0.1924944818019867,0.19718380272388458,1.095415472984314
8.74,0.19789768755435944,0.06820394843816757,1.096612811088562
8.76,0.20959849655628204,0.06828691065311432,1.1058810949325562
8.78,0.24162374436855316,0.013411828316748142,1.1372061967849731
8.8,0.2501063942909241,0.04467591270804405,1.1508108377456665
8.82,0.2239358127117157,0.04468919336795807,1.1481636762619019
8.84,0.13248908519744873,0.09453539550304413,1.0652960538864136
8.86,0.024197187274694443,0.012860425747931004,0.9442769885063171
8.88,0.001846400904469192,-0.09816102683544159,0.8212151527404785
8.9,-0.00996825285255909,-0.1978875696659088,0.7357430458068848
8.92,-0.004422576632350683,-0.30056288838386536,0.7212537527084351
8.94,0.035842180252075195,-0.37556180357933044,0.838803231716156
8.96,0.16667801141738892,-0.41901928186416626,1.0019744634628296
8.98,0.2647147476673126,-0.5448228120803833,1.1489132642745972
9.0,0.17306563258171082,-0.35431912541389465,1.2691218852996826
9.02,0.11443351954221725,-0.15031525492668152,1.2062602043151855
9.04,0.08841889351606369,-0.2745434045791626,1.019352912902832
9.06,0.0209831390529871,-0.30250680446624756,0.9850650429725647
9.08,0.08467954397201538,-0.03430663421750069,1.0939500331878662
9.1,0.21466653048992157,0.2640172839164734,1.137546420097351
9.12,0.273907333612442,0.20104841887950897,1.0354784727096558
9.14,0.20480020344257355,-0.005311516113579273,0.9815546870231628
9.16,0.07099628448486328,0.06217973306775093,1.0222712755203247
9.18,-0.04737984389066696,0.2155534029006958,1.0548820495605469
9.2,-0.21877342462539673,0.30140420794487,0.9542955160140991
9.22,-0.44062358140945435,0.20427566766738892,0.7605428695678711
9.24,-0.6390182971954346,0.13626866042613983,0.6510071754455566
9.26,-0.7862709164619446,0.09172316640615463,0.7006199359893799
9.28,-0.8075643181800842,0.1454426497220993,0.8377335667610168
9.3,-0.832169234752655,0.35076308250427246,0.904761016368866
9.32,-0.9543104767799377,0.38841164112091064,0.8859571218490601
9.34,-0.8585890531539917,0.14520972967147827,0.9163270592689514
9.36,-0.6449731588363647,0.08341428637504578,1.008376955986023
9.38,-0.5323075652122498,0.2884693443775177,1.0637376308441162
9.4,-0.42158064246177673,0.30235663056373596,1.0909937620162964
9.42,-0.21699635684490204,0.19042858481407166,1.0505492687225342
9.44,-0.08870179206132889,0.21795661747455597,0.9508289694786072
9.46,0.02146197110414505,0.17025765776634216,0.9296913146972656
9.48,0.25014302134513855,-0.043429937213659286,0.8770177364349365
9.5,0.3745002746582031,-0.21499329805374146,0.7946723103523254
9.52,0.39094090461730957,-0.20474697649478912,0.6960726380348206
9.54,0.3728184998035431,-0.40301260352134705,0.6352284550666809
9.56,0.3756192922592163,-0.6015898585319519,0.6338860988616943
9.58,0.3976205885410309,-0.67868572473526,0.7087805271148682
9.6,0.5024346113204956,-0.8163313865661621,0.8709208965301514
9.62,0.45030149817466736,-0.7736037969589233,0.963970959186554
9.64,0.2907504439353943,-0.6863275170326233,0.9770495891571045
9.66,0.10755497217178345,-0.6366857290267944,1.0162559747695923
9.68,0.08141399174928665,-0.5140067934989929,1.0430854558944702
9.7,0.10661844164133072,-0.47605323791503906,1.0841574668884277
9.72,0.18976670503616333,-0.5082771182060242,1.0612305402755737
9.74,0.15305504202842712,-0.38349249958992004,0.9871610403060913
9.76,0.14132004976272583,-0.3148496150970459,0.9150078296661377
9.78,0.15953680872917175,-0.2492469996213913,0.8572764992713928
9.8,0.2183259278535843,-0.21825355291366577,0.7403915524482727
9.82,0.2040955275297165,-0.3236093521118164,0.754940927028656
9.84,0.38284164667129517,-0.3547968566417694,0.7758150100708008
9.86,0.35754960775375366,-0.1957663893699646,0.8007020354270935
9.88,0.4123540222644806,-0.26836100220680237,0.8492282032966614
9.9,0.27118542790412903,-0.02098250202834606,0.8687728047370911
9.92,0.2940278649330139,-0.07576915621757507,0.8644894361495972
9.94,0.2314334660768509,-0.07493285089731216,0.9731960296630859
9.96,0.2730886936187744,0.030237702652812004,1.1476786136627197
9.98,0.333440899848938,0.15370720624923706,1.2745232582092285
10.0,0.29013100266456604,0.051744066178798676,1.2834032773971558
10.02,0.20965464413166046,-0.13779795169830322,1.2101572751998901
10.04,0.1466810256242752,-0.1161796897649765,1.1115045547485352
10.06,0.045475032180547714,0.08486561477184296,1.153442621231079
10.08,0.03628842160105705,0.3421238660812378,1.0537086725234985
10.1,-0.06920035928487778,0.2162964940071106,0.906985342502594
10.12,-0.12495944648981094,0.05737019702792168,0.8220961093902588
10.14,-0.07210701704025269,0.062108494341373444,0.7590111494064331
10.16,-0.13292285799980164,0.047479018568992615,0.8162689805030823
10.18,-0.11481593549251556,0.20215646922588348,0.8493655920028687
10.2,-0.1339823305606842,0.27036038041114807,0.8422468304634094
10.22,-0.2671883702278137,0.22546426951885223,0.9667282700538635
10.24,-0.08997310698032379,0.1679103821516037,1.001231074333191
10.26,0.013600491918623447,0.05054515600204468,1.026222825050354
10.28,-0.06100106239318848,0.10541548579931259,1.0267252922058105
10.3,-0.25684982538223267,0.282030314207077,1.0140976905822754
10.32,-0.3643347918987274,0.3684340715408325,0.9713748693466187
10.34,-0.4388982355594635,0.39840012788772583,1.0117579698562622
10.36,-0.4013842046260834,0.37829187512397766,1.1005090475082397
10.38,-0.32433757185935974,0.421047180891037,1.1561037302017212
10.4,-0.39253920316696167,0.4561355412006378,1.1306756734848022
10.42,-0.40692341327667236,0.3769126534461975,1.0022472143173218
10.44,-0.3889819085597992,0.27453920245170593,0.7885318994522095
10.46,-0.5151585936546326,0.1282598376274109,0.7399775385856628
10.48,-0.3336004316806793,-0.06603424996137619,0.7373253107070923
10.5,-0.11540096998214722,-0.09654074907302856,0.8447109460830688
10.52,0.005500201601535082,-0.05393636226654053,0.8972619771957397
10.54,0.1451522558927536,-0.23388910293579102,0.9639865756034851
10.56,0.34157130122184753,-0.4197312295436859,0.9577214121818542
10.58,0.2791188657283783,-0.3585986793041229,0.8055310249328613
10.6,0.29146960377693176,-0.5292758941650391,0.7081684470176697
10.62,0.2085759937763214,-0.6501725912094116,0.7473316192626953
10.64,0.22453159093856812,-0.47372061014175415,0.8177727460861206
10.66,0.2848416864871979,-0.4087713956832886,0.9253172874450684
10.68,0.3201552927494049,-0.490200012922287,0.9689198136329651
10.7,0.257722407579422,-0.35584837198257446,0.8961775898933411
10.72,0.18507573008537292,-0.39745935797691345,0.8310316801071167
10.74,0.2947659194469452,-0.5571011304855347,0.791178822517395
10.76,0.4209859371185303,-0.5846729874610901,0.7789028882980347
10.78,0.5635387897491455,-0.5761194229125977,0.8633089065551758
10.8,0.7060528993606567,-0.5192417502403259,0.9134976863861084
10.82,0.7945492267608643,-0.5230487585067749,0.9278182983398438
10.84,0.7079910635948181,-0.27398887276649475,0.94266676902771
10.86,0.5400651693344116,-0.15005168318748474,0.9388071298599243
10.88,0.43303823471069336,-0.20004110038280487,0.8359683752059937
10.9,0.3382481038570404,-0.1785215586423874,0.7240080237388611
10.92,0.16458575427532196,-0.10894555598497391,0.7931338548660278
10.94,0.28883612155914307,-0.02404041960835457,0.928882896900177
10.96,0.3420945107936859,0.07615584135055542,0.995599627494812
10.98,0.2969644069671631,0.044480666518211365,1.0054014921188354
11.0,0.26828858256340027,0.07454477995634079,0.942008912563324
11.02,0.17468617856502533,0.10993217676877975,0.8803743124008179
11.04,-0.0018353852210566401,0.15936440229415894,0.9102689623832703
11.06,-0.03507686033844948,0.2829989194869995,0.9417960047721863
11.08,-0.005604268051683903,0.3697161376476288,0.9770426750183105
11.1,-0.042411163449287415,0.4094557464122772,0.9799361824989319
11.12,-0.1384832113981247,0.42750850319862366,0.9698740839958191
11.14,-0.2768319845199585,0.5476537346839905,0.9719921946525574
11.16,-0.3561837673187256,0.7006974220275879,0.8871133923530579
11.18,-0.48157909512519836,0.5897350311279297,0.7617825865745544
11.2,-0.509993314743042,0.39376452565193176,0.7058733105659485
11.22,-0.4771084189414978,0.37579697370529175,0.7184907793998718
11.24,-0.43967297673225403,0.3868255317211151,0.8231292963027954
11.26,-0.32289788126945496,0.2977158725261688,0.9055055379867554
11.28,-0.24960468709468842,0.24010683596134186,1.0089280605316162
11.3,-0.14973537623882294,0.24404850602149963,1.0056400299072266
11.32,-0.16948692500591278,0.06384632736444473,0.9320868849754333
11.34,-0.23909132182598114,0.017655879259109497,0.8864427208900452
11.36,-0.17820782959461212,0.0016668483149260283,0.8754824995994568
11.38,-0.1916024535894394,0.02879682555794716,0.9985982179641724
11.4,-0.08394890278577805,0.19307102262973785,1.0422557592391968
11.42,-0.10381428152322769,0.06470043957233429,1.0290567874908447
11.44,-0.07369738072156906,-0.08246137946844101,0.9404680728912354
11.46,-0.10417807102203369,-0.05404508113861084,0.8648111820220947
11.48,-0.1738654226064682,-0.09429360926151276,0.8418769240379333
11.5,-0.14925651252269745,-0.19505555927753448,0.8757981061935425
11.52,0.021859224885702133,-0.26097074151039124,1.0871297121047974
11.54,0.10656651109457016,-0.43746984004974365,1.0786272287368774
11.56,0.1676872819662094,-0.4472726583480835,1.0854967832565308
11.58,0.11514656990766525,-0.5468611717224121,1.0904144048690796
11.6,0.029250502586364746,-0.572118878364563,1.1310398578643799
11.62,0.13886553049087524,-0.5193816423416138,1.151809573173523
11.64,0.1454271674156189,-0.3834225833415985,1.1867265701293945
11.66,0.0726635679602623,-0.31557610630989075,1.1148309707641602
11.68,-0.01254128385335207,-0.27200496196746826,1.040122628211975
11.7,-0.05728331580758095,-0.030434776097536087,1.019960641860962
11.72,-0.151869535446167,0.20249204337596893,0.9376492500305176
11.74,-0.29473960399627686,0.17614078521728516,0.8451341986656189
11.76,-0.3335828185081482,0.16927142441272736,0.7712947726249695
11.78,-0.33819326758384705,0.21566040813922882,0.7953333258628845
11.8,-0.21797870099544525,0.19561371207237244,0.9033060669898987
11.82,-0.08136171847581863,0.29338088631629944,1.0804916620254517
11.84,-0.04752563312649727,0.5135506391525269,1.1522531509399414
11.86,-0.15987007319927216,0.5052397847175598,1.1531072854995728
11.88,-0.14365503191947937,0.3295086622238159,1.0686007738113403
11.9,-0.11174701154232025,0.34661102294921875,0.9885259866714478
11.92,-0.08836103230714798,0.2701665759086609,0.9834473729133606
11.94,0.017664577811956406,0.17390857636928558,1.0536452531814575
11.96,0.11072476953268051,0.18702362477779388,1.1471105813980103
11.98,0.12186454236507416,0.1377427577972412,1.2298864126205444
12.0,0.07802267372608185,0.12844470143318176,1.2017179727554321
12.02,-0.04901676997542381,0.1279321312904358,1.1085292100906372
12.04,-0.21530036628246307,0.09218564629554749,1.044046401977539
12.06,-0.3347539007663727,0.07039089500904083,1.026656985282898
12.08,-0.4989897906780243,0.0947994813323021,1.0614124536514282
12.1,-0.6278018951416016,0.05071265250444412,1.0525102615356445
12.12,-0.6611354351043701,-0.10259908437728882,1.1159025430679321
12.14,-0.4837418794631958,-0.18380142748355865,1.0988481044769287
12.16,-0.35706254839897156,-0.26643142104148865,1.0415749549865723
12.18,-0.28646448254585266,-0.2807636857032776,0.9793832898139954
12.2,-0.2389705926179886,-0.17570194602012634,1.0566577911376953
12.22,0.021960604935884476,0.10062317550182343,0.972044050693512
12.24,0.09631519019603729,0.08345070481300354,0.8755447864532471
12.26,0.1427452564239502,0.16173319518566132,0.6865576505661011
12.28,0.06950622797012329,0.2838424742221832,0.4746830463409424
12.3,-0.025907224044203758,0.33945131301879883,0.33144253492355347
12.32,-0.05805462971329689,0.39087799191474915,0.27651944756507874
12.34,-0.03174661844968796,0.2994746267795563,0.3002936542034149
12.36,0.0825459435582161,0.1389804184436798,0.4403037130832672
12.38,0.2361450344324112,0.08524144440889359,0.6322684288024902
12.4,0.3491831123828888,-0.03170035406947136,0.7500194907188416
12.42,0.2582228481769562,-0.14488324522972107,0.8626084327697754
12.44,0.142714262008667,-0.16222232580184937,0.9946125149726868
12.46,0.037637315690517426,-0.13278314471244812,1.1625683307647705
12.48,-0.023075567558407784,-0.14005397260189056,1.3578851222991943
12.5,-0.14081352949142456,-0.029056230559945107,1.5618644952774048
12.52,-0.2601662278175354,0.12107018381357193,1.802205204963684
12.54,-0.34134891629219055,0.24618753790855408,2.046027898788452
12.56,-0.3737596571445465,0.3910565674304962,2.1497018337249756
12.58,-0.2848173975944519,0.4837404191493988,1.937483310699463
12.6,-0.3751106560230255,0.38033732771873474,1.6117089986801147
12.62,-0.5008915662765503,0.32484179735183716,1.3335835933685303
12.64,-0.5244293808937073,0.2965598404407501,1.1761014461517334
12.66,-0.44999951124191284,0.3246017396450043,1.1452968120574951
12.68,-0.26123812794685364,0.32184895873069763,1.057892918586731
12.7,-0.16182833909988403,0.14416751265525818,0.9084338545799255
12.72,-0.06796588003635406,-0.062218669801950455,0.6807177662849426
12.74,-0.012150189839303493,-0.2585623562335968,0.5331932306289673
12.76,0.09884290397167206,-0.2920036315917969,0.3792877495288849
12.78,0.20690909028053284,-0.38182103633880615,0.22161950170993805
12.8,0.1849806308746338,-0.4474027454853058,0.16411788761615753
12.82,0.2266567349433899,-0.3195612132549286,0.0940316841006279
12.84,0.1455736756324768,-0.199724942445755,-0.02654169127345085
12.86,-0.07473032176494598,-0.2046763002872467,-0.036356668919324875
12.88,-0.0888882651925087,-0.19698473811149597,0.11469650268554688
12.9,-0.03191101551055908,0.02196977101266384,0.5203042030334473
12.92,0.10005966573953629,0.34817245602607727,0.9672669172286987
12.94,0.1968856304883957,0.46963369846343994,1.294337272644043
12.96,0.13122370839118958,0.33076784014701843,1.399582862854004
12.98,-0.06865014135837555,0.3239283859729767,1.3964155912399292
13.0,-0.19880768656730652,0.3462379276752472,1.3757023811340332
13.02,-0.3041265606880188,0.3235877752304077,1.3342177867889404
13.04,-0.3361484110355377,0.1758163869380951,1.2057163715362549
13.06,-0.4079251289367676,-0.004289539065212011,1.15834379196167
13.08,-0.3462391793727875,-0.09440285712480545,1.129823088645935
13.1,-0.341694712638855,-0.17947107553482056,1.1347496509552002
13.12,-0.3411294221878052,-0.2828074097633362,1.1044141054153442
13.14,-0.39260855317115784,-0.3613244891166687,1.096506953239441
13.16,-0.4275021255016327,-0.4040803015232086,1.1133719682693481
13.18,-0.38310906291007996,-0.40290433168411255,1.1562737226486206
13.2,-0.3147892355918884,-0.34062808752059937,1.1845860481262207
13.22,-0.2653467059135437,-0.27071744203567505,1.1921178102493286
13.24,-0.20666268467903137,-0.17865806818008423,1.1741547584533691
13.26,-0.16669128835201263,-0.01943245343863964,1.0544129610061646
13.28,-0.26284489035606384,0.15717045962810516,0.9513213634490967
13.3,-0.2033875286579132,0.3101315200328827,0.8641960024833679
13.32,-0.07058734446763992,0.33200034499168396,0.8378334045410156
13.34,0.17298609018325806,0.245411679148674,0.9529698491096497
13.36,0.24202246963977814,0.5643001198768616,0.9979038238525391
13.38,-0.015779342502355576,0.8791605234146118,0.9415073394775391
13.4,-0.2525712549686432,0.9187618494033813,0.8043204545974731
13.42,-0.31916940212249756,0.8669359683990479,0.7711691856384277
13.44,-0.22486647963523865,0.7409589290618896,0.8253552913665771
13.46,-0.17519700527191162,0.550960898399353,0.8638055324554443
13.48,-0.10784167051315308,0.2811107635498047,0.8818182945251465
13.5,-0.07880479842424393,0.15063601732254028,0.9173594117164612
13.52,-0.04514388367533684,0.0904511958360672,0.9366410374641418
13.54,-0.11760947853326797,-0.04419562593102455,0.9590224623680115
13.56,-0.15810099244117737,-0.17094917595386505,0.9764759540557861
13.58,-0.1146760806441307,-0.19659988582134247,0.9943612217903137
13.6,-0.08333113044500351,-0.19171085953712463,1.0588756799697876
13.62,-0.09344282746315002,-0.1339600831270218,1.1454654932022095
13.64,-0.09744652360677719,-0.0792541578412056,1.200614333152771
13.66,-0.0817658007144928,-0.03370765596628189,1.1840795278549194
13.68,-0.15009894967079163,-0.05570990964770317,1.1431056261062622
13.7,-0.18442696332931519,0.06507792323827744,1.0370317697525024
13.72,-0.18987514078617096,0.11210131645202637,0.9630109667778015
13.74,-0.13100460171699524,0.09199519455432892,0.8565253615379333
13.76,-0.1034000813961029,0.092941053211689,0.7709912657737732
13.78,-0.09595000743865967,0.04961317032575607,0.7188946604728699
13.8,-0.15339027345180511,0.4187542498111725,1.095323920249939
13.82,0.08973945677280426,0.4397628605365753,1.2153719663619995
13.84,-0.06282181292772293,0.039110247045755386,1.1298257112503052
13.86,-0.16391697525978088,0.08927641063928604,1.0389840602874756
13.88,-0.16016443073749542,0.15134435892105103,0.9377008676528931
13.9,-0.07444537431001663,0.0825241431593895,0.8722730278968811
13.92,0.1305743157863617,0.09521883726119995,1.0906316041946411
13.94,0.16793513298034668,-0.13518968224525452,1.0991692543029785
13.96,-0.012610211968421936,-0.25145837664604187,1.057430624961853
13.98,0.06592225283384323,-0.08180583268404007,1.0183956623077393
14.0,-0.03605443611741066,0.007299939636141062,0.9738737344741821
14.02,0.003513967152684927,0.022299161180853844,0.9902163147926331
14.04,0.030282020568847656,-0.02890346199274063,0.9934793710708618
14.06,0.04874260723590851,-0.03882291167974472,0.9814587235450745
14.08,0.061928655952215195,-0.09384752064943314,1.0242061614990234
14.1,0.04443255439400673,-0.12447137385606766,1.0185511112213135
14.12,-0.03095177374780178,-0.03144609555602074,1.0100759267807007
14.14,-0.029591483995318413,-0.06290233135223389,0.9742707014083862
14.16,-0.03381793200969696,-0.008426460437476635,1.0066983699798584
14.18,-0.11514248698949814,0.008359451778233051,0.9703628420829773
14.2,-0.04028176888823509,-0.11379341036081314,1.0207041501998901
14.22,0.0265865046530962,-0.1945830136537552,1.0311253070831299
14.24,-0.04143674299120903,-0.020082926377654076,0.9861254692077637
14.26,0.049857523292303085,-0.02714219130575657,0.9945662021636963
14.28,-0.03125244006514549,-0.08401897549629211,0.9990816712379456
14.3,-0.0020878412760794163,-0.08802555501461029,1.0035982131958008
14.32,-0.002457341644912958,-0.03930577263236046,0.9901111721992493
14.34,-0.0034111207351088524,-0.07779262959957123,1.0039901733398438
14.36,-0.016724757850170135,-0.07837367057800293,0.9974125027656555
14.38,0.005281202495098114,-0.05136324092745781,0.997363805770874
14.4,-0.013177108019590378,-0.07141030579805374,0.9989151358604431
14.42,-0.003924735356122255,-0.07739418745040894,0.9974457025527954
14.44,-0.0043050022795796394,-0.0574444904923439,0.9992580413818359
14.46,-0.004200299270451069,-0.0713023841381073,0.9946534037590027
14.48,-0.005801110994070768,-0.06867635250091553,1.002236008644104
14.5,-0.007853444665670395,-0.06518609821796417,1.0033036470413208
14.52,-0.006349246948957443,-0.06721799820661545,0.9968255162239075
14.54,-0.007100387942045927,-0.0634540393948555,0.9981509447097778
14.56,-0.007076065521687269,-0.06544734537601471,0.9984083771705627
14.58,-0.006521666422486305,-0.07688995450735092,1.010329246520996
14.6,-0.00811930000782013,-0.07097551971673965,0.9918628334999084
14.62,0.007336299866437912,-0.04972213879227638,0.9959110617637634
14.64,0.010208211839199066,-0.06806392967700958,0.9811954498291016
14.66,-0.02021966502070427,-0.0651191845536232,1.0130535364151
14.68,-0.009384559467434883,-0.06886187195777893,1.0113362073898315
14.7,0.0038994047790765762,-0.06889098137617111,0.9830868244171143
14.72,-0.004844996612519026,-0.06317008286714554,1.0026240348815918
14.74,-0.004650778137147427,-0.06861352175474167,0.997981071472168
14.76,-0.00035925727570429444,-0.06879814714193344,0.9976744651794434
14.78,-0.0032656218390911818,-0.0635371059179306,0.9984890818595886
14.8,-0.001694197184406221,-0.06740464270114899,0.9946272373199463
14.82,-0.003585446160286665,-0.06521342694759369,0.9989100098609924
14.84,-0.0006328113377094269,-0.05796824023127556,0.9993594884872437
14.86,-0.0030802409164607525,-0.06576120108366013,0.9969043135643005
14.88,-0.004657162353396416,-0.061677273362874985,1.0004910230636597
14.9,-0.0009786721784621477,-0.06035090610384941,0.9978442788124084
14.92,-0.0021658719051629305,-0.06704606860876083,0.9996723532676697
14.94,-0.0024211036507040262,-0.06488930433988571,0.9999077320098877
14.96,-0.003520127385854721,-0.06108303368091583,0.9968397617340088
14.98,-0.00012552837142720819,-0.06872257590293884,1.000514268875122
15.0,-0.002113656373694539,-0.06652789562940598,0.9997240900993347
15.02,0.0010612178593873978,-0.0626256912946701,0.9959092140197754
15.04,-0.004489045590162277,-0.06681077927350998,0.9984741806983948
15.06,-0.0005192749085836112,-0.06308016926050186,0.9986377358436584
15.08,-0.0038832060527056456,-0.05605649575591087,0.998570442199707
15.1,0.0004093680763617158,-0.06886836886405945,0.9995012283325195
15.12,-0.0047514974139630795,-0.06369132548570633,0.9956480860710144
15.14,0.0020612541120499372,-0.06818164885044098,0.999220073223114
15.16,-0.0016326209297403693,-0.06377729773521423,0.9946571588516235
15.18,0.00025295524392277,-0.06870083510875702,1.0003851652145386
15.2,-0.004809395410120487,-0.06123362109065056,1.0018478631973267
15.22,0.0013233048375695944,-0.06610605865716934,0.9956274628639221
15.24,-0.0038076494820415974,-0.06488241255283356,0.9990782141685486
15.26,-0.0018336082575842738,-0.06722818315029144,1.0002830028533936
15.28,-0.006976190954446793,-0.059950221329927444,1.0001580715179443
15.3,0.0006503154872916639,-0.06719481199979782,0.9977141618728638
15.32,-0.0069052730686962605,-0.06592144072055817,0.9984937906265259
15.34,-0.003174304962158203,-0.0671258419752121,0.9983208179473877
15.36,-0.0010298241395503283,-0.05842499062418938,1.0065419673919678
15.38,-0.00269849575124681,-0.07470417767763138,0.9948100447654724
15.4,-0.0010470005217939615,-0.06584809720516205,0.996959388256073
15.42,0.0005440972163341939,-0.05656462907791138,0.9990306496620178
15.44,-0.006098931655287743,-0.06843201816082001,1.0018730163574219
15.46,-0.0008880826062522829,-0.05925852060317993,1.0001137256622314
15.48,0.004628851544111967,-0.06361490488052368,0.9922606945037842
15.5,-0.009022584185004234,-0.0720573291182518,1.0067886114120483
15.52,0.004387016873806715,-0.06676685065031052,0.989125669002533
15.54,-0.005193935241550207,-0.06440231949090958,1.0058369636535645
15.56,-0.008155938237905502,-0.06482954323291779,0.9938066601753235
15.58,0.012865923345088959,-0.06392112374305725,0.9954330325126648
15.6,-0.019883044064044952,-0.07343791425228119,1.0086687803268433
15.62,0.015000181272625923,-0.0654616504907608,0.986762523651123
15.64,-0.011676391586661339,-0.058623138815164566,1.000728964805603
15.66,0.002971756737679243,-0.07295677065849304,1.0077202320098877
15.68,-0.004968496039509773,-0.05789715051651001,0.9891625642776489
15.7,0.004279464017599821,-0.06796944886445999,0.9990028142929077
15.72,-0.008864587172865868,-0.06780176609754562,1.0044358968734741
15.74,0.006605824455618858,-0.060499973595142365,0.9914518594741821
15.76,-0.0037214180920273066,-0.07241190969944,1.0033491849899292
15.78,0.0010763986501842737,-0.062194909900426865,0.9988487362861633
15.8,-0.0004703278827946633,-0.06287351250648499,0.9969351291656494
15.82,-0.005307195242494345,-0.07387445122003555,1.0041934251785278
15.84,0.0038885653484612703,-0.05811483785510063,0.9955460429191589
15.86,0.004047239199280739,-0.0683935359120369,0.9952724575996399
15.88,-0.006106447894126177,-0.07066630572080612,1.001277208328247
15.9,-0.0014086985029280186,-0.06266681849956512,0.9948682188987732
15.92,0.0009764356655068696,-0.06537649035453796,1.0018914937973022
15.94,-0.008042510598897934,-0.07037384063005447,1.001134991645813
15.96,0.005439437925815582,-0.05902783200144768,1.000500202178955
15.98,-0.0009930466767400503,-0.06730185449123383,1.0008461475372314
16.0,-0.007447464857250452,-0.07262565940618515,0.9941523671150208
16.02,0.009573054499924183,-0.06263800710439682,0.9969770312309265
16.04,-0.007497649639844894,-0.0672369971871376,1.0019339323043823
16.06,0.0021540578454732895,-0.06107708811759949,0.9994242191314697
16.08,0.0005505906301550567,-0.06499004364013672,0.9964855313301086
16.1,0.002054031239822507,-0.07104968279600143,0.9987581968307495
16.12,-0.0029900562949478626,-0.06001114472746849,0.9995129108428955
16.14,0.001339879003353417,-0.06910479068756104,0.9991462826728821
16.16,0.0001273172238143161,-0.06514398753643036,1.0024850368499756
16.18,-0.007567020133137703,-0.061244022101163864,0.998638391494751
16.2,0.008115766569972038,-0.07211453467607498,0.9932120442390442
16.22,-0.008065350353717804,-0.06021357700228691,1.0026798248291016
16.24,0.007214012090116739,-0.07018205523490906,0.9958119988441467
16.26,-0.01217618864029646,-0.06535143405199051,1.0016965866088867
16.28,0.00992246437817812,-0.06421627104282379,0.9935560822486877
16.3,-0.009607095271348953,-0.07266609370708466,1.0005215406417847
